Rk,Lg,Rd,Pk,Tm,Player,Age,Pos,Born,College,From,To,Year,G,MP,PTS,TRB,AST,STL,BLK,FG%,2P%,3P%,FT%,WS,WS/48
1,NBA,2,31,POR,James White\whiteja02,23.256,G-F,us,Cincinnati,2007,2013,2006,67,8.7,2.7,1,0.5,0.3,0.1,0.438,0.482,0.34,0.676,0.8,0.062
2,NBA,2,32,HOU,Steve Novak\novakst01,23.021,F,us,Marquette,2007,2017,2006,467,12.1,4.7,1.3,0.3,0.2,0.1,0.437,0.463,0.43,0.877,14.5,0.123
3,NBA,2,33,ATL,Solomon Jones\jonesso01,21.352,F,us,South Florida,2007,2014,2006,281,11,3,2.3,0.4,0.2,0.5,0.467,0.472,0.111,0.717,5,0.078
4,NBA,2,34,LAC,Paul Davis\davispa01,21.347,C,us,Michigan State,2007,2010,2006,82,8.6,2.6,1.9,0.4,0.3,0.2,0.402,0.404,0,0.732,0.5,0.035
5,NBA,2,35,TOR,P.J. Tucker\tuckepj01,21.059,F,us,Texas,2007,2021,2006,687,29.4,7.2,5.7,1.4,1.2,0.3,0.42,0.474,0.358,0.749,34.7,0.083
6,NBA,2,36,MIN,Craig Smith\smithcr01,22.236,F,us,Boston College,2007,2012,2006,403,16.9,7.6,3.9,0.8,0.5,0.2,0.553,0.56,0.037,0.661,16,0.113
7,NBA,2,37,MIN,Bobby Jones\jonesbo02,22.176,F,us,Washington,2007,2008,2006,91,9.5,3.2,1.6,0.5,0.3,0,0.442,0.491,0.306,0.685,1.1,0.06
8,NBA,2,38,GSW,Kosta Perović\perovko01,21.134,C,hr,,2008,2008,2006,7,5.4,1.4,1.9,0.1,0,0.3,0.3,0.3,,0.667,0,0.06
9,NBA,2,39,MIL,David Noel\noelda01,22.127,F,us,UNC,2007,2007,2006,68,11.6,2.7,1.8,1,0.4,0.1,0.367,0.387,0.321,0.86,0.4,0.024
10,NBA,2,40,SEA,Denham Brown,,,,UConn,,,2006,,,,,,,,,,,,,
11,NBA,2,41,ORL,James Augustine\augusja01,22.127,F,us,Illinois,2007,2008,2006,27,5.8,1.6,1.2,0.1,0.2,0.1,0.514,0.514,,0.5,0.3,0.101
12,NBA,2,42,CLE,Daniel Gibson\gibsoda01,20.126,G,us,Texas,2007,2013,2006,397,23.5,7.8,2,2,0.6,0.2,0.402,0.397,0.407,0.78,16,0.082
13,NBA,2,43,NOK,Marcus Vinicius\vincima01,22.033,F,br,,2007,2008,2006,26,6.6,1.9,0.7,0.3,0.1,0.1,0.457,0.5,0.421,0.556,0.2,0.056
14,NBA,2,44,ORL,Lior Eliyahu\eliyali01,20.297,F,il,,,,2006,,,,,,,,,,,,,
15,NBA,2,45,IND,Alexander Johnson\johnsal01,23.146,F,us,Florida State,2007,2008,2006,102,12.8,4.3,2.7,0.3,0.4,0.4,0.517,0.517,,0.672,1.5,0.056
16,NBA,2,46,UTA,Dee Brown\brownde03,21.32,G,us,Illinois,2007,2009,2006,68,10.5,2.1,1,1.8,0.5,0.1,0.34,0.389,0.25,0.643,0.1,0.008
17,NBA,2,47,UTA,Paul Millsap\millspa01,21.143,F,us,Louisiana Tech,2007,2021,2006,1028,28.9,13.8,7.3,2.2,1.3,1,0.491,0.514,0.346,0.736,94,0.152
18,NBA,2,48,WAS,Vladimir Veremeenko\veremvl01,21.347,F,by,,,,2006,,,,,,,,,,,,,
19,NBA,2,49,DEN,Leon Powe\powele01,22.163,F,us,California,2007,2011,2006,239,13.9,6.2,3.8,0.3,0.3,0.3,0.515,0.517,0,0.682,12,0.174
20,NBA,2,50,CHA,Ryan Hollins\holliry01,21.266,C,us,UCLA,2007,2016,2006,518,11.8,3.7,2.2,0.3,0.2,0.5,0.584,0.584,0,0.649,10.4,0.081
21,NBA,2,51,LAL,Cheikh Samb\sambch01,21.254,C,sn,,2008,2009,2006,22,5.2,1,1.4,0,0.2,0.5,0.25,0.273,0,0.444,-0.1,-0.056
22,NBA,2,52,LAC,Guillermo Díaz\diazgu01,21.121,G,pr,Miami (FL),2008,2008,2006,6,3,0.8,0.3,0.2,0,0,0.25,0.333,0,0.6,0,0.033
23,NBA,2,53,SEA,Yotam Halperin\halpeyo01,22.161,G,il,,,,2006,,,,,,,,,,,,,
24,NBA,2,54,NJN,Hassan Adams\adamsha01,22.013,G,us,Arizona,2007,2009,2006,73,7.5,2.5,1.2,0.2,0.2,0.1,0.534,0.537,0,0.643,0.8,0.072
25,NBA,2,55,CLE,Ejike Ugboaja\ugboaej01,21.036,F,ng,,,,2006,,,,,,,,,,,,,
26,NBA,2,56,TOR,Edin Bavčić\bavcied01,22.028,C-F,ba,,,,2006,,,,,,,,,,,,,
27,NBA,2,57,MIN,Loukas Mavrokefalidis,,,,,,,2006,,,,,,,,,,,,,
28,NBA,2,58,DAL,J.R. Pinnock,,,,George Washington,,,2006,,,,,,,,,,,,,
29,NBA,2,59,SAS,Damir Markota\markoda01,20.189,C,ba,,2007,2007,2006,30,5.7,1.7,1,0.2,0.1,0,0.365,0.361,0.375,0.636,-0.2,-0.07
30,NBA,2,60,DET,Will Blalock\blalowi01,22.299,G,us,Iowa State,2007,2007,2006,14,11.9,1.8,1.1,1.2,0.4,0,0.3,0.32,0.2,1,-0.1,-0.032
31,NBA,2,31,SEA,Carl Landry\landrca01,23.288,F,us,Purdue,2008,2016,2007,513,22.5,10.8,4.9,0.7,0.4,0.4,0.535,0.537,0.3,0.785,35.9,0.149
32,NBA,2,32,BOS,Gabe Pruitt\pruitga01,21.075,G,us,USC,2008,2009,2007,62,7.4,2,0.8,0.8,0.3,0,0.321,0.35,0.283,0.783,0.4,0.043
33,NBA,2,33,SAS,Marcus Williams\willima04,20.227,F,us,Arizona,2008,2009,2007,13,3,1.1,0.9,0.2,0.1,0.1,0.318,0.318,,,-0.1,-0.084
34,NBA,2,34,DAL,Nick Fazekas\fazekni01,22.016,F,us,Nevada,2008,2008,2007,26,10.3,4.1,3.4,0.4,0.3,0.4,0.561,0.575,0,0.682,0.8,0.148
35,NBA,2,35,SEA,Glen Davis\davisgl01,21.183,F-C,us,LSU,2008,2015,2007,514,21.1,8,4.4,0.9,0.7,0.3,0.447,0.451,0.182,0.7,18.6,0.082
36,NBA,2,36,GSW,Jermareo Davidson\davidje01,22.23,F,us,Alabama,2008,2009,2007,52,8.3,3.1,1.8,0.3,0.2,0.3,0.425,0.425,,0.578,0,0
37,NBA,2,37,POR,Josh McRoberts\mcrobjo01,20.125,F,us,Duke,2008,2018,2007,433,19.1,5.4,3.9,2.1,0.5,0.4,0.463,0.514,0.34,0.705,18.5,0.107
38,NBA,2,38,PHI,Kyrylo Fesenko\fesenky01,20.191,C,ua,,2008,2012,2007,135,8.2,2.3,2,0.3,0.1,0.4,0.496,0.5,0,0.41,0.9,0.038
39,NBA,2,39,MIA,Stanko Barać\baracst01,20.323,C,ba,,,,2007,,,,,,,,,,,,,
40,NBA,2,40,LAL,Sun Yue\yuesu01,21.239,G,cn,,2009,2009,2007,10,2.8,0.6,0,0.2,0.1,0.1,0.273,0.6,0,,-0.1,-0.226
41,NBA,2,41,MIN,Chris Richard\richach01,22.19,F,us,Florida,2008,2010,2007,70,11.1,1.9,2.8,0.4,0.3,0.2,0.483,0.483,,0.605,0.7,0.045
42,NBA,2,42,POR,Derrick Byars\byarsde01,23.069,F,us,Vanderbilt,2012,2012,2007,2,18.5,5,5.5,0.5,1,0,0.273,0.6,0,1,0.1,0.147
43,NBA,2,43,NOK,Adam Haluska,,,,Iowa,,,2007,,,,,,,,,,,,,
44,NBA,2,44,ORL,Reyshawn Terry,,,,UNC,,,2007,,,,,,,,,,,,,
45,NBA,2,45,LAC,Jared Jordan,,,,Marist College,,,2007,,,,,,,,,,,,,
46,NBA,2,46,GSW,Stéphane Lasme\lasmest01,24.199,F,ga,UMass,2008,2008,2007,16,18.9,5.2,3.3,0.2,0.8,1.4,0.451,0.451,,0.594,0.3,0.041
47,NBA,2,47,WAS,Dominic McGuire\mcguido01,21.256,F,us,Fresno State,2008,2013,2007,342,15.6,2.7,3.4,1.2,0.5,0.5,0.419,0.423,0.188,0.658,4.1,0.037
48,NBA,2,48,LAL,Marc Gasol\gasolma01,22.155,C,es,,2009,2021,2007,874,32.5,14.2,7.5,3.4,0.9,1.4,0.48,0.498,0.355,0.777,84.4,0.143
49,NBA,2,49,CHI,Aaron Gray\grayaa01,22.208,C,us,Pitt,2008,2014,2007,318,12.1,3.4,3.7,0.7,0.3,0.3,0.509,0.511,0,0.562,6.2,0.077
50,NBA,2,50,DAL,Renaldas Seibutis\seibure01,21.345,G,lt,,,,2007,,,,,,,,,,,,,
51,NBA,2,51,CHI,JamesOn Curry\curryja01,21.177,G,us,Oklahoma State,2010,2010,2007,1,0,0,0,0,0,0,,,,,0,
52,NBA,2,52,POR,Taurean Green\greenta01,20.217,G,us,Florida,2008,2008,2007,17,4.4,1.6,0.6,0.6,0.1,0,0.28,0.357,0.182,0.917,-0.1,-0.066
53,NBA,2,53,POR,Demetris Nichols\nichode01,22.302,F,us,Syracuse,2008,2009,2007,18,3.2,1.2,0.4,0.1,0,0.2,0.281,0.353,0.2,0.5,-0.2,-0.203
54,NBA,2,54,HOU,Brad Newley\newlebr01,22.135,F-G,au,,,,2007,,,,,,,,,,,,,
55,NBA,2,55,UTA,Herbert Hill,,,,Providence,,,2007,,,,,,,,,,,,,
56,NBA,2,56,MIL,Ramon Sessions\sessira01,21.083,G,us,Nevada,2008,2018,2007,691,23.3,10.3,2.7,4.1,0.7,0.1,0.434,0.45,0.316,0.791,28.8,0.086
57,NBA,2,57,DET,Sammy Mejia,,,,DePaul,,,2007,,,,,,,,,,,,,
58,NBA,2,58,SAS,Georgios Printezis\printgi01,22.131,F,gr,,,,2007,,,,,,,,,,,,,
59,NBA,2,59,PHO,D.J. Strawberry\strawdj01,22.018,G,us,Maryland,2008,2008,2007,33,8.2,2.2,0.8,0.9,0.4,0.2,0.315,0.343,0.24,0.474,-0.2,-0.031
60,NBA,2,60,DAL,Milovan Raković\rakovmi01,22.134,C,rs,,,,2007,,,,,,,,,,,,,
61,NBA,2,31,MIN,Nikola Peković\pekovni01,22.18,C,me,,2011,2016,2008,271,24.9,12.6,6.7,0.7,0.5,0.6,0.518,0.518,,0.76,18.8,0.134
62,NBA,2,32,SEA,Walter Sharpe\sharpwa01,21.349,F,us,UAB,2009,2009,2008,8,2.5,1,0.4,0,0,0.3,0.364,0.444,0,0,-0.1,-0.131
63,NBA,2,33,POR,Joey Dorsey\dorsejo01,24.199,F,us,Memphis,2009,2015,2008,130,11.4,2.6,3.9,0.4,0.5,0.3,0.534,0.536,0,0.375,2.9,0.092
64,NBA,2,34,MIN,Mario Chalmers\chalmma01,22.044,G,us,Kansas,2009,2018,2008,646,26.7,8.9,2.5,3.7,1.5,0.2,0.417,0.475,0.351,0.793,32.3,0.09
65,NBA,2,35,LAC,DeAndre Jordan\jordade01,19.345,C,us,Texas A&M,2009,2021,2008,916,27.6,9.4,10.7,1,0.6,1.6,0.673,0.675,0.083,0.474,91.5,0.174
66,NBA,2,36,POR,Ömer Aşık\asikom01,21.363,C,tr,,2011,2018,2008,471,19.6,5.3,7.1,0.6,0.4,0.7,0.528,0.528,0,0.551,20.9,0.109
67,NBA,2,37,MIL,Luc Mbah a Moute\mbahalu01,21.296,F,cm,UCLA,2009,2020,2008,689,23.3,6.4,4.1,0.9,0.9,0.4,0.454,0.478,0.334,0.659,26,0.078
68,NBA,2,38,CHA,Kyle Weaver\weaveky01,22.134,G,us,Washington State,2009,2011,2008,73,18.9,5,2.2,1.6,0.8,0.5,0.441,0.497,0.353,0.736,1.5,0.051
69,NBA,2,39,CHI,Sonny Weems\weemsso01,21.359,G-F,us,Arkansas,2009,2016,2008,183,18.2,6.5,2.2,1.4,0.5,0.2,0.465,0.487,0.283,0.702,0,0.001
70,NBA,2,40,NJN,Chris Douglas-Roberts\douglch01,21.175,G,us,Memphis,2009,2015,2008,222,19.7,7.1,2.1,1.1,0.6,0.2,0.439,0.465,0.329,0.831,5.4,0.059
71,NBA,2,41,IND,Nathan Jawai\jawaina01,21.265,C-F,au,,2009,2010,2008,45,9.6,2.8,2.4,0.5,0.2,0.2,0.435,0.439,0,0.684,0.2,0.02
72,NBA,2,42,SAC,Sean Singletary\singlse01,22.299,G,us,Virginia,2009,2009,2008,37,8.2,2.4,0.9,0.8,0.3,0,0.365,0.35,0.4,0.857,0,0.006
73,NBA,2,43,SAC,Patrick Ewing\ewingpa02,24.043,F,us,Georgetown,2011,2011,2008,7,2.7,0.4,0.3,0.3,0,0.1,0,0,0,0.75,-0.1,-0.158
74,NBA,2,44,UTA,Ante Tomić\tomican01,21.135,C,hr,,,,2008,,,,,,,,,,,,,
75,NBA,2,45,SAS,Goran Dragić\dragigo01,22.057,G,si,,2009,2021,2008,845,28,13.9,3.1,4.8,1,0.2,0.463,0.507,0.362,0.766,55.4,0.112
76,NBA,2,46,SEA,Trent Plaisted,,,,Brigham Young University Hawaii,,,2008,,,,,,,,,,,,,
77,NBA,2,47,WAS,Henry Walker\walkebi01,20.266,F,us,Kansas State,2009,2015,2008,181,16.7,6,2.2,0.8,0.5,0.1,0.446,0.56,0.369,0.76,5,0.079
78,NBA,2,48,PHO,Malik Hairston\hairsma01,21.129,G,us,Oregon,2009,2010,2008,62,7.6,2.4,1.2,0.5,0.2,0.3,0.512,0.549,0.167,0.514,0.8,0.086
79,NBA,2,49,GSW,Richard Hendrix,,,,Alabama,,,2008,,,,,,,,,,,,,
80,NBA,2,50,SEA,DeVon Hardin\hardide01,21.329,C,us,California,,,2008,,,,,,,,,,,,,
81,NBA,2,51,DAL,Shan Foster,,,,Vanderbilt,,,2008,,,,,,,,,,,,,
82,NBA,2,52,MIA,Darnell Jackson\jacksda01,22.237,F,us,Kansas,2009,2011,2008,138,7.5,2.2,1.5,0.2,0.2,0.1,0.449,0.463,0.235,0.644,1.3,0.059
83,NBA,2,53,UTA,Tadija Dragićević\dragita01,22.155,F,rs,,,,2008,,,,,,,,,,,,,
84,NBA,2,54,HOU,Maarty Leunen\leunema01,22.302,F,us,Oregon,,,2008,,,,,,,,,,,,,
85,NBA,2,55,POR,Mike Taylor\taylomi01,22.162,G,us,Iowa State,2009,2009,2008,51,15.1,5.7,1.7,2.1,0.7,0,0.412,0.427,0.325,0.691,-0.4,-0.028
86,NBA,2,56,SEA,Sasha Kaun\kaunsa01,23.055,C,ru,Kansas,2016,2016,2008,25,3.8,0.9,1,0.1,0.2,0.2,0.529,0.529,,0.455,0.2,0.096
87,NBA,2,57,SAS,James Gist,,,,Maryland,,,2008,,,,,,,,,,,,,
88,NBA,2,58,LAL,Joe Crawford\crawfjo01,22.015,F,us,Kentucky,2009,2009,2008,2,11.5,4.5,2,0.5,0.5,0,0.3,0.333,0.25,1,0,0.037
89,NBA,2,59,DET,Deron Washington,,,,Virginia Tech,,,2008,,,,,,,,,,,,,
90,NBA,2,60,BOS,Semih Erden\erdense01,21.339,C,tr,,2011,2012,2008,69,13.4,3.8,2.8,0.4,0.4,0.4,0.546,0.546,,0.594,1.8,0.094
91,NBA,2,31,SAC,Jeff Ayres\pendeje02,22.063,F,us,Arizona State,2010,2016,2009,237,9.8,2.9,2.7,0.4,0.2,0.3,0.553,0.554,0.4,0.776,6.3,0.131
92,NBA,2,32,WAS,Jermaine Taylor\tayloje02,22.205,G,us,Central Florida,2010,2011,2009,65,12.1,5.4,1.7,0.7,0.4,0.1,0.441,0.484,0.284,0.73,0.2,0.014
93,NBA,2,33,POR,Dante Cunningham\cunnida01,22.07,F,us,Villanova,2010,2019,2009,715,20.8,5.8,3.7,0.7,0.6,0.5,0.469,0.494,0.345,0.649,24.9,0.08
94,NBA,2,34,DEN,Sergio Llull\llullse01,21.228,G,es,,,,2009,,,,,,,,,,,,,
95,NBA,2,35,DET,DaJuan Summers\summeda01,21.158,F,us,Georgetown,2010,2013,2009,83,9.9,3.3,1,0.3,0.2,0.1,0.384,0.392,0.367,0.642,-0.1,-0.008
96,NBA,2,36,MEM,Sam Young\youngsa01,24.03,F,us,Pitt,2010,2013,2009,249,15.9,5.8,2.3,0.7,0.5,0.2,0.442,0.468,0.28,0.742,5.2,0.063
97,NBA,2,37,SAS,DeJuan Blair\blairde01,20.069,F-C,us,Pitt,2010,2016,2009,424,16.6,6.8,5.1,0.8,0.7,0.3,0.524,0.526,0,0.608,19,0.129
98,NBA,2,38,POR,Jon Brockman\brockjo01,22.103,F,us,Washington,2010,2012,2009,150,10.5,2.1,3.1,0.3,0.2,0.1,0.488,0.49,0,0.618,3.7,0.113
99,NBA,2,39,DET,Jonas Jerebko\jerebjo01,22.121,F,se,,2010,2019,2009,635,17.8,6.2,4,0.8,0.5,0.2,0.457,0.507,0.363,0.77,25.8,0.109
100,NBA,2,40,CHA,Derrick Brown\brownde04,21.296,F,us,Xavier,2010,2012,2009,171,14.9,5.2,2.4,0.7,0.5,0.2,0.515,0.528,0.317,0.637,4.5,0.085
101,NBA,2,41,MIL,Jodie Meeks\meeksjo01,21.314,G,us,Kentucky,2010,2019,2009,539,22.5,9.3,2.1,1.1,0.8,0.1,0.42,0.471,0.373,0.879,24.3,0.096
102,NBA,2,42,LAL,Patrick Beverley\beverpa01,20.353,G,us,Arkansas,2013,2021,2009,460,27.8,8.9,4.3,3.4,1.2,0.5,0.416,0.457,0.383,0.763,30.2,0.113
103,NBA,2,43,MIA,Marcus Thornton\thornma01,22.026,G,us,LSU,2010,2017,2009,483,23.4,11.9,2.8,1.4,0.8,0.1,0.425,0.471,0.358,0.83,20,0.085
104,NBA,2,44,DET,Chase Budinger\budinch01,21.039,F,us,Arizona,2010,2016,2009,407,19.7,7.9,3,1.2,0.5,0.2,0.43,0.486,0.352,0.797,13.9,0.083
105,NBA,2,45,MIN,Nick Calathes\calatni01,20.143,G,us,Florida,2014,2015,2009,129,15.6,4.6,1.9,2.7,1,0.1,0.441,0.476,0.288,0.581,2.6,0.063
106,NBA,2,46,CLE,Danny Green\greenda02,22.009,G-F,us,UNC,2010,2021,2009,731,25.6,8.9,3.5,1.6,1,0.8,0.422,0.462,0.4,0.802,44.9,0.115
107,NBA,2,47,MIN,Henk Norel\norelhe01,21.287,F-C,nl,,,,2009,,,,,,,,,,,,,
108,NBA,2,48,PHO,Taylor Griffin\griffta01,23.074,F,us,Oklahoma,2010,2010,2009,8,4,1.3,0.3,0.1,0,0.3,0.4,0.5,0,0.5,0,-0.039
109,NBA,2,49,ATL,Sergiy Gladyr\gladyse01,19.256,G,ua,,,,2009,,,,,,,,,,,,,
110,NBA,2,50,UTA,Goran Suton,,,,Michigan State,,,2009,,,,,,,,,,,,,
111,NBA,2,51,SAS,Jack McClinton,,,,Miami (FL),,,2009,,,,,,,,,,,,,
112,NBA,2,52,IND,A.J. Price\priceaj01,22.267,G,us,UConn,2010,2015,2009,261,15.1,5.8,1.4,2.2,0.5,0,0.38,0.439,0.316,0.742,4.7,0.058
113,NBA,2,53,SAS,Nando De Colo\decolna01,22.008,G,fr,,2013,2014,2009,119,11.9,3.8,1.8,1.7,0.5,0.1,0.429,0.463,0.363,0.835,2.4,0.081
114,NBA,2,54,CHA,Robert Vaden,,,,UAB,,,2009,,,,,,,,,,,,,
115,NBA,2,55,POR,Patty Mills\millspa02,20.323,G,au,Saint Mary's,2010,2021,2009,709,19.7,9,1.7,2.3,0.7,0.1,0.431,0.485,0.39,0.856,32.3,0.111
116,NBA,2,56,DAL,Ahmad Nivins,,,,Saint Joseph's,,,2009,,,,,,,,,,,,,
117,NBA,2,57,PHO,Emir Preldžić\preldem01,21.298,F-G,ba,,,,2009,,,,,,,,,,,,,
118,NBA,2,58,BOS,Lester Hudson\hudsole01,24.328,G,us,University of Tennessee at Martin,2010,2015,2009,57,10.4,4.7,1.4,1.2,0.6,0.1,0.375,0.441,0.277,0.806,0.2,0.016
119,NBA,2,59,LAL,Chinemelu Elonu\elonuch01,22.112,C-F,ng,Texas A&M,,,2009,,,,,,,,,,,,,
120,NBA,2,60,MIA,Robert Dozier,,,,Memphis,,,2009,,,,,,,,,,,,,
121,NBA,2,31,NJN,Tibor Pleiß\pleisti01,20.239,C,de,,2016,2016,2010,12,6.8,2,1.3,0.2,0.1,0.2,0.44,0.478,0,1,-0.1,-0.041
122,NBA,2,32,MIA,Dexter Pittman\pittmde01,22.119,C,us,Texas,2011,2014,2010,50,6.9,2.3,1.8,0.2,0.2,0.2,0.45,0.45,,0.545,0.5,0.068
123,NBA,2,33,SAC,Hassan Whiteside\whiteha01,21.016,C,us,Marshall,2011,2021,2010,436,26,13.4,11.4,0.7,0.6,2.4,0.581,0.583,0.308,0.604,45.9,0.194
124,NBA,2,34,POR,Armon Johnson\johnsar02,21.126,G,us,Nevada,2011,2012,2010,47,8.5,3.3,1,1.2,0.2,0,0.458,0.465,0.4,0.679,-0.1,-0.015
125,NBA,2,35,WAS,Nemanja Bjelica\bjeline01,22.051,F,rs,,2016,2021,2010,366,21.5,8,4.7,1.8,0.7,0.4,0.466,0.538,0.387,0.77,16.5,0.101
126,NBA,2,36,DET,Terrico White,,,,Ole Miss,,,2010,,,,,,,,,,,,,
127,NBA,2,37,MIL,Darington Hobson\hobsoda01,22.274,G,us,New Mexico,2012,2012,2010,5,7.8,0.8,0.6,1.2,0,0,0.154,0.286,0,,-0.2,-0.225
128,NBA,2,38,NYK,Andy Rautins\rautian01,23.24,G,us,Syracuse,2011,2011,2010,5,4.8,1.6,0.2,0.6,0.2,0,0.429,0.667,0.25,0.5,-0.2,-0.314
129,NBA,2,39,NYK,Landry Fields\fieldla01,22.002,F,us,Stanford,2011,2015,2010,255,23.6,6.8,4.3,1.6,0.8,0.2,0.473,0.52,0.332,0.666,10.5,0.084
130,NBA,2,40,IND,Lance Stephenson\stephla01,19.297,G-F,us,Cincinnati,2011,2019,2010,508,23.4,8.6,4.2,2.9,0.7,0.1,0.444,0.494,0.315,0.685,16.7,0.068
131,NBA,2,41,MIA,Jarvis Varnado\varnaja01,22.12,F,us,Mississippi State,2013,2014,2010,37,10.7,2.9,1.9,0.4,0.3,0.8,0.582,0.582,,0.518,0.7,0.089
132,NBA,2,42,MIA,Da'Sean Butler,,,,West Virginia,,,2010,,,,,,,,,,,,,
133,NBA,2,43,LAL,Devin Ebanks\ebankde01,20.244,F,us,West Virginia,2011,2013,2010,63,11.3,3.6,1.9,0.4,0.3,0.2,0.385,0.418,0.222,0.722,0.5,0.035
134,NBA,2,44,MIL,Jerome Jordan\jordaje01,23.274,C,jm,Tulsa,2012,2015,2010,65,7.6,2.8,2,0.3,0.1,0.3,0.528,0.528,,0.852,1.7,0.168
135,NBA,2,45,MIN,Paulo Prestes\prestpa01,22.135,C,br,,,,2010,,,,,,,,,,,,,
136,NBA,2,46,PHO,Gani Lawal\lawalga01,21.234,F,us,Georgia Tech,2011,2011,2010,1,2,0,0,0,0,0,,,,,0,-0.009
137,NBA,2,47,MIL,Tiny Gallon,,,,Oklahoma,,,2010,,,,,,,,,,,,,
138,NBA,2,48,MIA,Latavious Williams\willila01,21.092,F,us,,,,2010,,,,,,,,,,,,,
139,NBA,2,49,SAS,Ryan Richards\richary01,19.066,F-C,gb,,,,2010,,,,,,,,,,,,,
140,NBA,2,50,DAL,Solomon Alabi\alabiso01,22.1,C,ng,Florida State,2011,2012,2010,26,7,1.5,2.3,0.2,0.2,0.4,0.314,0.314,,0.7,0,0.01
141,NBA,2,51,OKC,Magnum Rolle,,,,Louisiana Tech,,,2010,,,,,,,,,,,,,
142,NBA,2,52,BOS,Luke Harangody\haranlu01,22.179,F,us,Notre Dame,2011,2012,2010,70,12.4,3.6,2.8,0.5,0.3,0.3,0.376,0.44,0.241,0.737,0.9,0.048
143,NBA,2,53,ATL,Pape Sy\sypa01,22.085,F,fr,,2011,2011,2010,3,7,2.3,1,0.7,0.3,0,0.333,0.4,0,1,0,-0.047
144,NBA,2,54,LAC,Willie Warren\warrewi01,20.25,G,us,Oklahoma,2011,2011,2010,19,7.1,1.9,0.6,1.4,0.3,0,0.371,0.4,0.333,0.75,0.2,0.065
145,NBA,2,55,UTA,Jeremy Evans\evansje01,22.249,F,us,Western Kentucky,2011,2018,2010,250,10.5,3.5,2.6,0.4,0.4,0.5,0.569,0.583,0.231,0.687,8.2,0.15
146,NBA,2,56,MIN,Hamady N'Diaye\ndiayha01,23.169,C,sn,Rutgers University,2011,2014,2010,33,4.8,0.6,0.8,0.1,0.1,0.3,0.467,0.467,,0.462,0,0.013
147,NBA,2,57,IND,Ryan Reid\reidry01,23.243,F,us,Florida State,2012,2012,2010,5,3.4,1.6,0.4,0,0,0,0.8,0.8,,,0.1,0.142
148,NBA,2,58,LAL,Derrick Caracter\caracde01,22.056,F,us,Texas-El Paso,2011,2011,2010,41,5.2,2,1,0.2,0.1,0.2,0.485,0.485,,0.739,0.3,0.057
149,NBA,2,59,ORL,Stanley Robinson,,,,UConn,,,2010,,,,,,,,,,,,,
150,NBA,2,60,PHO,Dwayne Collins\collidw01,22.077,F,us,Miami (FL),,,2010,,,,,,,,,,,,,
151,NBA,2,31,MIA,Bojan Bogdanović\bogdabo02,22.071,G-F,ba,,2015,2021,2011,503,28.7,14.3,3.5,1.5,0.6,0.1,0.456,0.509,0.393,0.859,25.1,0.083
152,NBA,2,32,CLE,Justin Harper\harpeju01,21.302,F,us,Richmond,2012,2017,2011,22,6.8,2,0.8,0.2,0.1,0.1,0.34,0.417,0.276,0.333,-0.3,-0.093
153,NBA,2,33,DET,Kyle Singler\singlky01,23.055,F,us,Duke,2013,2018,2011,356,21.9,6.5,2.9,0.8,0.6,0.3,0.418,0.458,0.362,0.786,10,0.062
154,NBA,2,34,WAS,Shelvin Mack\macksh01,21.067,G,us,Butler,2012,2019,2011,456,18.4,6.6,2,3.1,0.7,0.1,0.423,0.47,0.33,0.731,10.3,0.059
155,NBA,2,35,SAC,Tyler Honeycutt\honeyty01,20.348,F,us,UCLA,2012,2013,2011,24,5,1.2,1,0.4,0.2,0.2,0.314,0.333,0.2,0.714,-0.1,-0.049
156,NBA,2,36,NJN,Jordan Williams\willijo03,20.26,F,us,Maryland,2012,2012,2011,43,14.8,4.6,3.6,0.3,0.5,0.3,0.507,0.507,,0.652,1.3,0.101
157,NBA,2,37,LAC,Trey Thompkins\thomptr02,21.039,F,us,Georgia,2012,2012,2011,24,5,2.4,1,0.1,0.1,0.1,0.393,0.417,0.308,0.714,0,0.004
158,NBA,2,38,HOU,Chandler Parsons\parsoch01,22.246,F,us,Florida,2012,2020,2011,440,30.1,12.7,4.5,2.7,0.9,0.3,0.462,0.521,0.373,0.713,28.9,0.105
159,NBA,2,39,CHA,Jeremy Tyler\tylerje01,20.007,C,us,,2012,2014,2011,104,9.9,3.6,2.6,0.2,0.2,0.4,0.45,0.451,0,0.557,0.3,0.014
160,NBA,2,40,MIL,Jon Leuer\leuerjo01,22.045,F,us,Wisconsin,2012,2019,2011,377,15.8,6.4,3.8,0.8,0.4,0.3,0.484,0.52,0.328,0.767,13.2,0.107
161,NBA,2,41,LAL,Darius Morris\morrida01,20.176,G,us,Michigan,2012,2015,2011,132,11.1,3.3,1,1.4,0.3,0,0.384,0.416,0.322,0.63,-0.3,-0.01
162,NBA,2,42,IND,Dāvis Bertāns\bertada01,18.227,F,lv,,2017,2021,2011,309,19.3,8.3,2.8,1.1,0.4,0.4,0.433,0.519,0.406,0.85,14.2,0.114
163,NBA,2,43,CHI,Malcolm Lee\leema01,21.037,G,us,UCLA,2012,2015,2011,36,14.8,3.9,1.8,1.4,0.6,0.3,0.382,0.412,0.294,0.703,0.4,0.04
164,NBA,2,44,GSW,Charles Jenkins\jenkich01,22.12,G,us,Hofstra,2012,2013,2011,110,12.1,3.7,0.9,1.9,0.4,0.1,0.434,0.449,0.182,0.754,0.5,0.017
165,NBA,2,45,NOH,Josh Harrellson\harrejo01,22.136,C,us,Kentucky,2012,2014,2011,75,11.8,3.5,3,0.3,0.4,0.5,0.438,0.497,0.347,0.629,2.1,0.116
166,NBA,2,46,LAL,Andrew Goudelock\goudean01,22.203,G,us,College of Charleston,2012,2016,2011,49,9.7,4,0.7,0.5,0.2,0,0.393,0.429,0.345,0.875,0,0.003
167,NBA,2,47,LAC,Travis Leslie\leslitr01,21.091,G,us,Georgia,2012,2012,2011,10,4.5,1.4,0.9,0.5,0.2,0.2,0.357,0.357,,0.444,0.1,0.06
168,NBA,2,48,ATL,Keith Benson\bensoke02,22.319,C,us,Oakland,2012,2012,2011,3,3,0,1,0,0,0,0,0,,,0,-0.005
169,NBA,2,49,MEM,Josh Selby\selbyjo01,20.093,G,us,Kansas,2012,2013,2011,38,7.8,2.2,0.5,0.9,0.2,0,0.33,0.384,0.143,0.72,-0.7,-0.113
170,NBA,2,50,PHI,Lavoy Allen\allenla01,22.144,F-C,us,Temple,2012,2017,2011,388,17.8,4.8,4.8,1,0.3,0.6,0.471,0.474,0.133,0.682,13.8,0.096
171,NBA,2,51,POR,Jon Diebler\diebljo01,23.006,G,us,Ohio State,,,2011,,,,,,,,,,,,,
172,NBA,2,52,DET,Vernon Macklin\macklve01,24.282,F,us,Florida,2012,2012,2011,23,5.9,2,1.5,0.2,0.2,0.2,0.543,0.543,,0.571,0.5,0.161
173,NBA,2,53,ORL,DeAndre Liggins\liggide01,23.089,G,us,Kentucky,2012,2018,2011,177,10.8,2,1.4,0.7,0.6,0.2,0.402,0.432,0.352,0.549,1.6,0.04
174,NBA,2,54,CLE,Milan Mačvan\macvami01,21.224,F-C,hr,,,,2011,,,,,,,,,,,,,
175,NBA,2,55,BOS,E'Twaun Moore\mooreet01,22.123,G-F,us,Purdue,2012,2021,2011,595,21,7.9,2,1.8,0.7,0.2,0.454,0.488,0.388,0.739,14.7,0.056
176,NBA,2,56,LAL,Chukwudiebere Maduabum\maduach01,20.101,F,ng,,,,2011,,,,,,,,,,,,,
177,NBA,2,57,DAL,Targuy Ngombo,,,,,,,2011,,,,,,,,,,,,,
178,NBA,2,58,LAL,Ater Majok\majokat01,23.36,F-C,sd,,,,2011,,,,,,,,,,,,,
179,NBA,2,59,SAS,Ádám Hanga\hangaad01,22.077,G,hu,,,,2011,,,,,,,,,,,,,
180,NBA,2,60,SAC,Isaiah Thomas\thomais02,22.141,G,us,Washington,2012,2020,2011,525,28.9,18.1,2.5,5,0.9,0.1,0.436,0.482,0.364,0.872,45.3,0.143
181,NBA,2,31,CHA,Jeffery Taylor\tayloje03,23.042,F,se,Vanderbilt,2013,2015,2012,132,19.4,6.1,2,0.8,0.5,0.2,0.409,0.458,0.319,0.665,1.3,0.024
182,NBA,2,32,WAS,Tomáš Satoranský\satorto01,20.247,G,cz,,2017,2021,2012,305,23.2,7.4,3,4.2,0.9,0.2,0.473,0.518,0.374,0.825,15.5,0.105
183,NBA,2,33,CLE,Bernard James\jamesbe01,27.148,C,us,Florida State,2013,2015,2012,92,8.3,2.2,2.3,0.1,0.2,0.7,0.497,0.507,0,0.68,1.9,0.117
184,NBA,2,34,CLE,Jae Crowder\crowdja01,21.363,F,us,Marquette,2013,2021,2012,646,24.9,9.6,4.2,1.6,1,0.3,0.419,0.513,0.343,0.78,34.6,0.103
185,NBA,2,35,GSW,Draymond Green\greendr01,22.122,F,us,Michigan State,2013,2021,2012,613,28.2,8.8,6.9,5.2,1.4,1,0.434,0.505,0.316,0.712,46.5,0.129
186,NBA,2,36,SAC,Orlando Johnson\johnsor01,23.115,G,us,UC Santa Barbara,2013,2016,2012,103,10.8,3.2,1.7,0.7,0.2,0.1,0.358,0.398,0.311,0.727,1.4,0.059
187,NBA,2,37,TOR,Quincy Acy\acyqu01,21.271,F-C,us,Baylor,2013,2019,2012,337,16,4.9,3.5,0.6,0.4,0.4,0.444,0.506,0.35,0.759,8.7,0.078
188,NBA,2,38,DEN,Quincy Miller\millequ01,19.227,F,us,Baylor,2013,2015,2012,69,13.5,4.3,2.4,0.5,0.4,0.5,0.35,0.383,0.292,0.706,-0.1,-0.003
189,NBA,2,39,DET,Khris Middleton\middlkh01,20.326,F-G,us,Texas A&M,2013,2021,2012,558,31.6,16.6,4.7,3.5,1.2,0.2,0.461,0.495,0.395,0.878,43.1,0.117
190,NBA,2,40,POR,Will Barton\bartowi01,21.179,G,us,Memphis,2013,2021,2012,535,24.9,11.2,4.2,2.6,0.8,0.4,0.434,0.481,0.351,0.783,22.2,0.08
191,NBA,2,41,POR,Tyshawn Taylor\tayloty01,22.083,G,us,Kansas,2013,2014,2012,61,8,2.9,0.5,0.9,0.4,0,0.354,0.353,0.36,0.684,-0.9,-0.088
192,NBA,2,42,MIL,Doron Lamb\lambdo01,20.24,G,us,Kentucky,2013,2014,2012,100,12.7,3.5,1,0.8,0.2,0,0.381,0.372,0.394,0.7,0.1,0.005
193,NBA,2,43,ATL,Mike Scott\scottmi01,23.353,F,us,Virginia,2013,2021,2012,528,16.5,6.9,3.2,0.9,0.3,0.1,0.457,0.525,0.364,0.756,16.3,0.089
194,NBA,2,44,DET,Kim English\engliki01,23.283,G,us,Missouri,2013,2013,2012,41,9.9,2.9,0.9,0.6,0.4,0.1,0.375,0.452,0.28,0.724,0.2,0.021
195,NBA,2,45,PHI,Justin Hamilton\hamilju01,22.094,C,us,LSU,2014,2017,2012,113,17.4,6.1,3.6,0.8,0.5,0.6,0.464,0.56,0.309,0.798,3.7,0.091
196,NBA,2,46,NOH,Darius Miller\milleda01,22.105,F,us,Kentucky,2013,2021,2012,267,19.9,5.9,1.7,1.4,0.4,0.2,0.419,0.498,0.383,0.838,6.4,0.058
197,NBA,2,47,UTA,Kevin Murphy\murphke01,22.12,G,us,Tennessee Technological University,2013,2013,2012,17,3.1,0.9,0.2,0.1,0.1,0,0.25,0.261,0.2,,-0.3,-0.272
198,NBA,2,48,NYK,Kostas Papanikolaou\papanko01,21.338,F,gr,,2015,2016,2012,69,15.8,3.6,2.3,1.5,0.6,0.3,0.354,0.416,0.297,0.688,0.3,0.015
199,NBA,2,49,ORL,Kyle O'Quinn\oquinky01,22.1,F-C,us,Norfolk State,2013,2020,2012,472,14.2,5.4,4.6,1.4,0.4,1,0.517,0.539,0.218,0.74,17.8,0.128
200,NBA,2,50,DEN,İzzet Türkyılmaz\turkyiz01,22.045,C-F,tr,,,,2012,,,,,,,,,,,,,
201,NBA,2,51,BOS,Kris Joseph\josepkr01,23.199,F,ca,Syracuse,2013,2013,2012,10,5.4,0.9,0.7,0.1,0.3,0,0.143,0.182,0,0.625,-0.1,-0.127
202,NBA,2,52,GSW,Ognjen Kuzmić\kuzmiog01,22.049,C,ba,,2014,2015,2012,37,4.4,0.9,1,0.2,0.1,0.1,0.52,0.52,,0.6,0.2,0.061
203,NBA,2,53,LAC,Furkan Aldemir\aldemfu01,20.329,F-C,tr,,2015,2015,2012,41,13.2,2.3,4.3,0.7,0.4,0.4,0.513,0.548,0,0.481,1.4,0.122
204,NBA,2,54,PHI,Tornike Shengelia\shengto01,20.272,F,ge,,2013,2014,2012,45,5.5,1.3,0.9,0.4,0.1,0,0.451,0.512,0.125,0.5,-0.2,-0.032
205,NBA,2,55,DAL,Darius Johnson-Odom\johnsda03,22.279,G,us,Marquette,2013,2014,2012,7,3,0,0.9,0.3,0.1,0,0,0,0,0,-0.3,-0.597
206,NBA,2,56,TOR,Tomislav Zubčić\zubcito01,22.178,F,hr,,,,2012,,,,,,,,,,,,,
207,NBA,2,57,NJN,İlkan Karaman\karamil01,22.052,F,tr,,,,2012,,,,,,,,,,,,,
208,NBA,2,58,MIN,Robbie Hummel\hummero01,23.118,F,us,Purdue,2014,2015,2012,98,14.3,3.9,2.7,0.5,0.3,0.1,0.418,0.469,0.343,0.867,1.9,0.066
209,NBA,2,59,SAS,Marcus Denmon\denmoma01,22.106,G,us,Missouri,,,2012,,,,,,,,,,,,,
210,NBA,2,60,LAL,Robert Sacre\sacrero01,23.028,C,us,Gonzaga,2013,2016,2012,189,14.5,4.2,3.1,0.7,0.3,0.6,0.436,0.437,0,0.671,2.4,0.042
211,NBA,2,31,CLE,Allen Crabbe\crabbal01,21.084,G-F,us,California,2014,2020,2013,381,24,9.1,2.8,1.1,0.6,0.3,0.425,0.471,0.387,0.831,13.7,0.072
212,NBA,2,32,OKC,Álex Abrines\abrinal01,19.335,G-F,es,,2017,2019,2013,174,16,5.3,1.4,0.5,0.5,0.1,0.387,0.443,0.368,0.88,5,0.086
213,NBA,2,33,CLE,Carrick Felix\felixca01,22.32,G,us,Arizona State,2014,2014,2013,7,5.4,2.7,0.9,0.6,0,0,0.5,0.556,0.4,0.75,0,0.057
214,NBA,2,34,HOU,Isaiah Canaan\canaais01,22.043,G,us,Murray State,2014,2019,2013,235,20.4,8.1,1.9,1.9,0.6,0.1,0.371,0.404,0.351,0.836,4.3,0.043
215,NBA,2,35,PHI,Glen Rice\ricegl02,22.183,G,us,Georgia Tech,2014,2015,2013,16,9.5,2.7,1.5,0.6,0.4,0.1,0.269,0.286,0.25,0.692,-0.2,-0.065
216,NBA,2,36,SAC,Ray McCallum\mccalra01,22.021,G,us,Detroit Mercy,2014,2016,2013,154,18.2,6,2,2.4,0.5,0.2,0.408,0.43,0.335,0.711,2.1,0.035
217,NBA,2,37,DET,Tony Mitchell\mitchto02,21.086,F,us,University of North Texas,2014,2014,2013,21,3.8,1,1.2,0.1,0.3,0.1,0.417,0.364,1,0.579,0.2,0.151
218,NBA,2,38,WAS,Nate Wolters\woltena01,22.049,G,us,South Dakota State,2014,2018,2013,84,18.8,5.5,2.2,2.5,0.5,0.2,0.423,0.452,0.261,0.635,0.9,0.028
219,NBA,2,39,POR,Jeff Withey\witheje01,23.118,C,us,Kansas,2014,2018,2013,206,10.1,3.2,2.5,0.3,0.3,0.8,0.525,0.537,0.143,0.716,6.8,0.157
220,NBA,2,40,POR,Grant Jerrett\jerregr01,19.359,F,us,Arizona,2015,2015,2013,8,6.4,2,1.1,0.4,0.3,0.3,0.269,0.545,0.067,1,-0.1,-0.128
221,NBA,2,41,MEM,Jamaal Franklin\frankja01,21.347,G,us,San Diego State,2014,2015,2013,24,7.3,1.8,1,0.4,0.2,0.1,0.415,0.393,0.462,1,0,-0.006
222,NBA,2,42,PHI,Pierre Jackson\jackspi01,21.308,G,us,Baylor,2017,2017,2013,8,10.5,4.4,1.1,2.4,0.3,0,0.333,0.357,0.273,0.857,0,0.021
223,NBA,2,43,MIL,Ricky Ledo\ledori01,20.295,G,us,Providence,2014,2015,2013,28,9.9,3.9,1.4,0.8,0.3,0,0.336,0.321,0.371,0.769,-0.6,-0.096
224,NBA,2,44,DAL,Mike Muscala\muscami01,22.002,F-C,us,Bucknell,2014,2021,2013,389,15.7,6,3.2,0.9,0.3,0.5,0.458,0.549,0.368,0.847,14.6,0.115
225,NBA,2,45,POR,Marko Todorović\todorma01,21.074,F,me,,,,2013,,,,,,,,,,,,,
226,NBA,2,46,UTA,Erick Green\greener01,22.055,G,us,Virginia Tech,2015,2016,2013,52,8.7,3.1,0.7,0.8,0.3,0,0.377,0.415,0.288,0.857,0.1,0.011
227,NBA,2,47,ATL,Raul Neto\netora01,21.044,G,br,,2016,2021,2013,289,14.6,5.2,1.4,1.9,0.6,0.1,0.444,0.485,0.375,0.799,6.7,0.076
228,NBA,2,48,LAL,Ryan Kelly\kellyry01,22.085,F,us,Duke,2014,2017,2013,163,19.2,6,3.1,1.3,0.5,0.5,0.378,0.416,0.316,0.797,3,0.046
229,NBA,2,49,CHI,Erik Murphy\murpher01,22.25,F,fr,Florida,2014,2014,2013,24,2.6,0.3,0.3,0.1,0,0.2,0.231,0.3,0,,-0.1,-0.055
230,NBA,2,50,ATL,James Ennis\ennisja01,23.002,F,us,Cal State Long Beach,2015,2021,2013,372,20.2,6.6,3.3,0.9,0.6,0.3,0.459,0.54,0.358,0.794,15.5,0.099
231,NBA,2,51,ORL,Romero Osby\osbyro01,23.057,F,de,Oklahoma,,,2013,,,,,,,,,,,,,
232,NBA,2,52,MIN,Lorenzo Brown\brownlo01,22.311,G,us,NC State,2014,2019,2013,103,11.5,2.8,1.5,1.8,0.6,0.1,0.364,0.453,0.17,0.707,-0.2,-0.007
233,NBA,2,53,IND,Colton Iverson\iversco01,24.004,C,us,Colorado State,,,2013,,,,,,,,,,,,,
234,NBA,2,54,WAS,Arsalan Kazemi\kazemar01,23.072,F,ir,Oregon,,,2013,,,,,,,,,,,,,
235,NBA,2,55,MEM,Joffrey Lauvergne\lauvejo01,21.276,C-F,fr,,2015,2018,2013,208,13.6,5.6,3.8,0.9,0.3,0.2,0.479,0.52,0.285,0.719,5.2,0.089
236,NBA,2,56,DET,Peyton Siva\sivape01,22.252,G,us,Louisville,2014,2014,2013,24,9.3,2.3,0.6,1.4,0.4,0,0.316,0.344,0.28,0.733,-0.2,-0.032
237,NBA,2,57,PHO,Alex Oriakhi\oriakal01,23.012,F,us,Missouri,,,2013,,,,,,,,,,,,,
238,NBA,2,58,SAS,Deshaun Thomas\thomade01,21.308,F,us,Ohio State,,,2013,,,,,,,,,,,,,
239,NBA,2,59,MIN,Bojan Dubljević\dubljbo01,21.252,F-C,me,,,,2013,,,,,,,,,,,,,
240,NBA,2,60,MEM,Jānis Timma\timmaja01,21,F,lv,,,,2013,,,,,,,,,,,,,
241,NBA,2,31,MIL,Damien Inglis\inglida01,19.042,F,gf,,2016,2016,2014,20,7.8,1.8,1.6,0.5,0.3,0.2,0.351,0.417,0.231,0.875,-0.1,-0.024
242,NBA,2,32,PHI,K.J. McDaniels\mcdankj01,21.142,G-F,us,Clemson,2015,2017,2014,148,14.1,5.3,2.2,0.6,0.5,0.6,0.412,0.479,0.29,0.776,1.3,0.03
243,NBA,2,33,CLE,Joe Harris\harrijo01,22.299,G,us,Virginia,2015,2021,2014,374,25.1,10.9,3.2,1.6,0.5,0.2,0.484,0.548,0.437,0.773,18.3,0.094
244,NBA,2,34,NYK,Cleanthony Early\earlycl01,23.076,F,us,Wichita State,2015,2016,2014,56,14.3,4.3,2.2,0.8,0.5,0.3,0.346,0.4,0.263,0.75,-0.6,-0.039
245,NBA,2,35,UTA,Jarnell Stokes\stokeja01,20.175,F-C,us,Tennessee,2015,2017,2014,28,5.4,2.4,1.4,0.3,0.3,0.2,0.581,0.581,,0.531,0.6,0.202
246,NBA,2,36,MIL,Johnny O'Bryant\obryajo01,21.03,F-C,us,LSU,2015,2018,2014,147,11.5,3.5,2.4,0.5,0.2,0.1,0.402,0.406,0.36,0.663,0.2,0.006
247,NBA,2,37,TOR,DeAndre Daniels\daniede01,22.077,F,us,UConn,,,2014,,,,,,,,,,,,,
248,NBA,2,38,DET,Spencer Dinwiddie\dinwisp01,21.086,G,us,Colorado,2015,2021,2014,320,25.7,12.9,2.8,5,0.7,0.3,0.41,0.479,0.318,0.794,18.4,0.107
249,NBA,2,39,PHI,Jerami Grant\grantje01,20.111,F,us,Syracuse,2015,2021,2014,493,25.4,10.4,3.9,1.2,0.6,1.1,0.458,0.515,0.348,0.702,25.5,0.098
250,NBA,2,40,MIN,Glenn Robinson\robingl02,20.174,G-F,us,Michigan,2015,2021,2014,304,17.4,5.9,2.6,0.8,0.5,0.2,0.457,0.501,0.373,0.779,7.8,0.071
251,NBA,2,41,DEN,Nikola Jokić\jokicni01,19.132,C-F,rs,,2016,2021,2014,423,29.7,18,9.8,5.8,1.2,0.7,0.531,0.58,0.349,0.831,58.5,0.223
252,NBA,2,42,HOU,Nick Johnson\johnsni01,21.191,G,us,Arizona,2015,2015,2014,28,9.4,2.6,1.4,0.4,0.3,0.1,0.347,0.389,0.238,0.68,-0.1,-0.02
253,NBA,2,43,ATL,Edy Tavares\tavarwa01,22.101,C,cv,,2016,2017,2014,13,7.8,2.5,2.5,0.3,0.1,0.9,0.625,0.625,,0.273,0.2,0.118
254,NBA,2,44,MIN,Markel Brown\brownma02,22.154,G,us,Oklahoma State,2015,2018,2014,113,15.9,5.2,2.1,1.2,0.6,0.2,0.38,0.427,0.295,0.781,1.1,0.029
255,NBA,2,45,CHH,Dwight Powell\poweldw01,22.347,F-C,ca,Stanford,2015,2021,2014,399,18.5,7.5,4.5,1,0.7,0.5,0.56,0.621,0.29,0.741,27,0.176
256,NBA,2,46,WAS,Jordan Clarkson\clarkjo01,22.024,G,us,Missouri,2015,2021,2014,494,26.9,15,3.2,2.5,0.9,0.1,0.445,0.502,0.346,0.826,16.5,0.059
257,NBA,2,47,PHI,Russ Smith\smithru01,23.074,G,us,Louisville,2015,2016,2014,27,4.9,2,0.6,0.7,0.3,0,0.319,0.387,0.188,0.769,-0.2,-0.068
258,NBA,2,48,MIL,Lamar Patterson\pattela01,22.324,G-F,us,Pitt,2016,2017,2014,40,10.9,2.3,1.4,1.1,0.3,0.1,0.326,0.45,0.236,0.72,0.1,0.006
259,NBA,2,49,CHI,Cameron Bairstow\bairsca01,23.207,F-C,au,New Mexico,2015,2016,2014,36,4.6,1.2,1,0.2,0.1,0.1,0.296,0.306,0.2,0.846,-0.1,-0.021
260,NBA,2,50,PHO,Alec Brown\brownal01,21.343,F-C,us,Green Bay,,,2014,,,,,,,,,,,,,
261,NBA,2,51,NYK,Thanasis Antetokounmpo\antetth01,21.348,F,gr,,2016,2021,2014,51,7.5,2.5,1.6,0.6,0.3,0.2,0.556,0.671,0.1,0.433,0.7,0.086
262,NBA,2,52,PHI,Vasilije Micić\micicva01,20.169,G,rs,,,,2014,,,,,,,,,,,,,
263,NBA,2,53,MIN,Alessandro Gentile\gential01,21.231,F,it,,,,2014,,,,,,,,,,,,,
264,NBA,2,54,PHI,Nemanja Dangubić\dangune01,21.079,G,rs,,,,2014,,,,,,,,,,,,,
265,NBA,2,55,MIA,Semaj Christon\chrisse01,21.242,G,us,Xavier,2017,2017,2014,64,15.2,2.9,1.4,2,0.4,0.1,0.345,0.406,0.19,0.548,0.1,0.006
266,NBA,2,56,DEN,Devyn Marble\marblde01,21.283,G-F,us,Iowa,2015,2016,2014,44,10.4,2.2,1.6,0.7,0.5,0.1,0.304,0.377,0.222,0.375,-0.3,-0.028
267,NBA,2,57,IND,Louis Labeyrie\labeylo01,22.141,F,fr,,,,2014,,,,,,,,,,,,,
268,NBA,2,58,SAS,Jordan McRae\mcraejo01,23.096,G,us,Tennessee,2016,2020,2014,123,13.8,6.9,1.8,1.4,0.4,0.2,0.417,0.447,0.355,0.772,1.7,0.048
269,NBA,2,59,TOR,Xavier Thames\thamexa01,23.164,G,us,San Diego State,,,2014,,,,,,,,,,,,,
270,NBA,2,60,SAS,Cory Jefferson\jeffeco01,23.188,F,us,Baylor,2015,2016,2014,58,10,3.5,2.8,0.3,0.2,0.4,0.444,0.474,0.125,0.583,0.9,0.071
271,NBA,2,31,MIN,Cedi Osman\osmande01,20.083,F,mk,,2018,2021,2015,243,25,9.7,3.5,2.1,0.7,0.1,0.421,0.488,0.354,0.729,4.6,0.037
272,NBA,2,32,HOU,Montrezl Harrell\harremo01,21.155,F-C,us,Louisville,2016,2021,2015,361,21.4,12.9,5.1,1.3,0.6,0.9,0.618,0.628,0.085,0.648,31.5,0.196
273,NBA,2,33,BOS,Jordan Mickey\mickejo01,20.356,F,us,LSU,2016,2018,2015,64,7.5,2.4,2,0.3,0.1,0.4,0.449,0.496,0.118,0.605,0.5,0.05
274,NBA,2,34,LAL,Anthony Brown\brownan02,22.263,F-G,us,Stanford,2016,2018,2015,41,18.6,3.9,2.5,0.7,0.5,0.1,0.328,0.38,0.286,0.85,-0.2,-0.016
275,NBA,2,35,PHI,Willy Hernangómez\hernawi01,21.034,C,es,,2017,2021,2015,233,14.5,6.8,5.5,1.1,0.4,0.4,0.53,0.548,0.316,0.682,9.8,0.139
276,NBA,2,36,MIN,Rakeem Christmas\chrisra01,23.212,F,us,Syracuse,2016,2017,2015,30,7.5,2.1,1.9,0.1,0.1,0.2,0.467,0.467,,0.724,0.5,0.105
277,NBA,2,37,PHI,Richaun Holmes\holmeri01,21.258,F-C,us,Bowling Green,2016,2021,2015,308,20.2,9.1,5.4,1,0.6,1,0.594,0.624,0.258,0.738,20.9,0.162
278,NBA,2,38,DET,Darrun Hilliard\hillida01,22.078,G,us,Villanova,2016,2018,2015,91,9.4,3.2,0.9,0.8,0.2,0,0.377,0.42,0.304,0.747,0.3,0.016
279,NBA,2,39,CHO,Juan Pablo Vaulet\vauleju01,19.099,F,ar,,,,2015,,,,,,,,,,,,,
280,NBA,2,40,MIA,Josh Richardson\richajo01,21.288,G,us,Tennessee,2016,2021,2015,346,30.8,12.5,3.2,2.9,1.1,0.6,0.428,0.479,0.359,0.83,19.5,0.088
281,NBA,2,41,BRK,Pat Connaughton\connapa01,22.175,G,us,Notre Dame,2016,2021,2015,321,16.5,5,3,1.3,0.4,0.3,0.444,0.561,0.352,0.786,12.3,0.112
282,NBA,2,42,UTA,Olivier Hanlan\hanlaol01,22.135,G,ca,Boston College,,,2015,,,,,,,,,,,,,
283,NBA,2,43,IND,Joe Young\youngjo01,23.003,G,us,Oregon,2016,2018,2015,127,8.5,3.4,1,0.9,0.3,0,0.393,0.438,0.296,0.768,0.4,0.016
284,NBA,2,44,PHO,Andrew Harrison\harrian01,20.245,G,us,Kentucky,2017,2019,2015,145,20.6,7,2,2.8,0.7,0.3,0.373,0.422,0.294,0.779,3.2,0.051
285,NBA,2,45,BOS,Marcus Thornton\thornma02,22.141,G,us,William & Mary,,,2015,,,,,,,,,,,,,
286,NBA,2,46,MIL,Norman Powell\powelno01,22.036,G,us,UCLA,2016,2021,2015,347,20.1,9.9,2.4,1.4,0.8,0.2,0.465,0.53,0.38,0.831,15,0.103
287,NBA,2,47,PHI,Artūras Gudaitis\gudaiar01,22.011,C,lt,,,,2015,,,,,,,,,,,,,
288,NBA,2,48,OKC,Dakari Johnson\johnsda04,19.281,C,us,Kentucky,2018,2018,2015,31,5.2,1.8,1.1,0.3,0.2,0.3,0.564,0.564,,0.55,0.6,0.178
289,NBA,2,49,WAS,Aaron White\whiteaa01,22.293,F,us,Iowa,,,2015,,,,,,,,,,,,,
290,NBA,2,50,ATL,Marcus Eriksson\eriksma01,21.207,G,se,,,,2015,,,,,,,,,,,,,
291,NBA,2,51,ORL,Tyler Harvey\harvety01,21.348,G,us,Eastern Washington,,,2015,,,,,,,,,,,,,
292,NBA,2,52,DAL,Satnam Singh Bhamara\singhsa01,19.202,C,in,,,,2015,,,,,,,,,,,,,
293,NBA,2,53,CLE,Sir'Dominic Pointer\pointsi01,23.055,G-F,us,St. John's,,,2015,,,,,,,,,,,,,
294,NBA,2,54,UTA,Dani Díez de la Faya\diezda01,22.084,F,es,,,,2015,,,,,,,,,,,,,
295,NBA,2,55,SAS,Cady Lalanne\lalanca01,23.069,C,ht,UMass,,,2015,,,,,,,,,,,,,
296,NBA,2,56,NOP,Branden Dawson\dawsobr01,22.149,F,us,Michigan State,2016,2016,2015,6,4.8,0.8,0.7,0,0,0.2,0.4,0.4,,1,0,0.069
297,NBA,2,57,DEN,Nikola Radičević\radicni01,21.066,G,rs,,,,2015,,,,,,,,,,,,,
298,NBA,2,58,PHI,J.P. Tokoto\tokotjp01,21.288,G-F,us,UNC,,,2015,,,,,,,,,,,,,
299,NBA,2,59,ATL,Dimitrios Agravanis\agravdi01,20.192,F-C,gr,,,,2015,,,,,,,,,,,,,
300,NBA,2,60,PHI,Luka Mitrović\mitrolu01,22.101,F,rs,,,,2015,,,,,,,,,,,,,
301,NBA,2,31,BOS,Deyonta Davis\davisde01,19.208,C-F,us,Michigan State,2017,2019,2016,107,12.1,4.2,3.2,0.4,0.2,0.6,0.599,0.601,0,0.635,3.6,0.131
302,NBA,2,32,LAL,Ivica Zubac\zubaciv01,19.102,C,ba,,2017,2021,2016,255,16.7,7.6,5.8,1,0.3,0.8,0.581,0.584,0,0.768,15.9,0.179
303,NBA,2,33,LAC,Cheick Diallo\diallch01,19.288,F,ml,Kansas,2017,2020,2016,180,12,5.3,4.2,0.4,0.3,0.4,0.598,0.602,0.286,0.772,6.3,0.14
304,NBA,2,34,PHO,Tyler Ulis\ulisty01,20.175,G,us,Kentucky,2017,2019,2016,133,20.9,7.5,1.7,4,0.9,0.1,0.403,0.439,0.28,0.808,0.5,0.008
305,NBA,2,35,BOS,Rade Zagorac\zagorra01,20.321,G-F,rs,,,,2016,,,,,,,,,,,,,
306,NBA,2,36,MIL,Malcolm Brogdon\brogdma01,23.2,G,us,Virginia,2017,2021,2016,281,29.7,14.8,3.9,4.6,0.9,0.2,0.468,0.507,0.388,0.891,20.6,0.118
307,NBA,2,37,HOU,Chinanu Onuaku\onuakch01,19.239,F-C,us,Louisville,2017,2018,2016,6,12.3,3,2.3,0.7,0.5,0.2,0.583,0.583,,1,0.1,0.043
308,NBA,2,38,MIL,Patrick McCaw\mccawpa01,20.247,G,us,UNLV,2017,2021,2016,198,17,3.8,1.6,1.4,0.7,0.2,0.42,0.508,0.305,0.785,4.4,0.063
309,NBA,2,39,NOP,David Michineau\michida01,22.023,G,gp,,,,2016,,,,,,,,,,,,,
310,NBA,2,40,NOP,Diamond Stone\stonedi01,19.138,C,us,Maryland,2017,2017,2016,7,3.4,1.4,0.9,0,0,0.1,0.231,0.231,,1,-0.1,-0.211
311,NBA,2,41,ORL,Stephen Zimmerman\zimmest01,19.292,C,us,UNLV,2017,2017,2016,19,5.7,1.2,1.8,0.2,0.1,0.3,0.323,0.323,,0.6,0,-0.005
312,NBA,2,42,UTA,Isaiah Whitehead\whiteis01,21.113,G,us,Seton Hall,2017,2018,2016,89,20.5,7.2,2.4,2.4,0.6,0.4,0.411,0.452,0.305,0.788,-0.9,-0.025
313,NBA,2,43,HOU,Zhou Qi\qizh01,20.164,F-C,cn,,2018,2019,2016,19,6.6,1.3,1.2,0.1,0.1,0.7,0.212,0.357,0.105,0.667,-0.2,-0.093
314,NBA,2,44,ATL,Isaïa Cordinier\cordiis01,19.212,G,fr,,,,2016,,,,,,,,,,,,,
315,NBA,2,45,BOS,Demetrius Jackson\jacksde01,21.295,G,us,Notre Dame,2017,2019,2016,26,5.2,1.8,0.7,0.7,0.3,0,0.486,0.609,0.286,0.667,0.2,0.087
316,NBA,2,46,DAL,A.J. Hammons\hammoaj01,23.306,C,us,Purdue,2017,2017,2016,22,7.4,2.2,1.6,0.2,0,0.6,0.405,0.375,0.5,0.45,0,-0.001
317,NBA,2,47,ORL,Jake Layman\laymaja01,22.114,F,us,Maryland,2017,2021,2016,194,14.1,5.4,1.9,0.6,0.5,0.3,0.461,0.581,0.307,0.732,3.6,0.063
318,NBA,2,48,CHI,Paul Zipser\zipsepa01,22.131,G-F,de,,2017,2018,2016,98,17,4.7,2.6,0.8,0.4,0.3,0.371,0.402,0.335,0.769,0,-0.001
319,NBA,2,49,DET,Michael Gbinije\gbinimi01,24.024,G,us,Syracuse,2017,2017,2016,9,3.6,0.4,0.3,0.2,0,0,0.1,0.167,0,1,-0.1,-0.136
320,NBA,2,50,IND,Georges Niang\niangge01,23.012,F,us,Iowa State,2017,2021,2016,198,10.7,4.4,1.7,0.6,0.2,0.1,0.431,0.521,0.382,0.842,3.5,0.08
321,NBA,2,51,BOS,Ben Bentil\bentibe01,21.092,F,gh,Providence,2017,2017,2016,3,3.3,0,0.7,0,0,0,0,0,0,,-0.1,-0.473
322,NBA,2,52,UTA,Joel Bolomboy\bolomjo01,22.152,F,ua,Weber State,2017,2018,2016,18,5.1,1.7,1.5,0.1,0.2,0.1,0.545,0.647,0.2,0.5,0.3,0.132
323,NBA,2,53,DEN,Petr Cornelie\cornepe01,20.338,F,fr,,,,2016,,,,,,,,,,,,,
324,NBA,2,54,ATL,Kay Felder\feldeka01,21.092,G,us,Oakland,2017,2018,2016,58,9.1,3.8,1,1.3,0.4,0.1,0.364,0.385,0.268,0.754,-0.4,-0.041
325,NBA,2,55,BRK,Marcus Paige\paigema01,22.291,G,us,UNC,2018,2018,2016,5,5.6,2.4,0.8,0.6,0,0,0.286,0.333,0.25,1,0,-0.006
326,NBA,2,56,DEN,Daniel Hamilton\hamilda02,20.325,G-F,us,UConn,2018,2019,2016,25,9.3,2.8,2.1,1.2,0.3,0,0.394,0.419,0.357,0.5,0,0
327,NBA,2,57,MEM,Wang Zhelin\sheliwa01,22.16,C,cn,,,,2016,,,,,,,,,,,,,
328,NBA,2,58,BOS,Abdel Nader\naderab01,22.277,F,eg,Iowa State,2018,2021,2016,188,13,4.7,1.9,0.5,0.4,0.3,0.432,0.491,0.36,0.725,2.9,0.056
329,NBA,2,59,SAC,Isaiah Cousins\cousiis01,22.108,G,us,Oklahoma,,,2016,,,,,,,,,,,,,
330,NBA,2,60,UTA,Tyrone Wallace\wallaty01,22.019,G,us,California,2018,2020,2016,106,15.5,5.2,2.2,1.2,0.5,0.2,0.425,0.463,0.203,0.671,0.2,0.006
331,NBA,2,31,CHO,Frank Jackson\jacksfr01,19.054,G,us,Duke,2019,2021,2017,133,16,7,1.8,1.1,0.3,0,0.422,0.488,0.327,0.744,0.7,0.016
332,NBA,2,32,PHO,Davon Reed\reedda01,22.017,G,us,Miami (FL),2018,2019,2017,31,9.3,2.4,1.5,0.5,0.4,0.1,0.307,0.304,0.31,0.667,-0.2,-0.039
333,NBA,2,33,ORL,Wesley Iwundu\iwundwe01,22.19,F,us,Kansas State,2018,2021,2017,205,17,4.5,2.4,1,0.5,0.2,0.412,0.459,0.3,0.797,4.3,0.058
334,NBA,2,34,SAC,Frank Mason\masonfr01,23.086,G,us,Kansas,2018,2021,2017,103,15.7,6.7,2,2.6,0.5,0.1,0.396,0.433,0.301,0.755,1.2,0.036
335,NBA,2,35,ORL,Ivan Rabb\rabbiv01,20.143,F,us,California,2018,2019,2017,85,14.6,5.7,4.3,1,0.3,0.3,0.555,0.57,0.2,0.743,3.2,0.125
336,NBA,2,36,PHI,Jonah Bolden\boldejo01,21.177,F,au,,2019,2020,2017,51,13.5,4.3,3.4,0.8,0.4,0.8,0.486,0.685,0.34,0.484,1.4,0.098
337,NBA,2,37,BOS,Semi Ojeleye\ojelese01,22.205,F,us,SMU,2018,2021,2017,236,14.8,3.5,2.1,0.5,0.3,0.1,0.394,0.476,0.351,0.697,4.7,0.065
338,NBA,2,38,CHI,Jordan Bell\belljo01,22.172,F,us,Oregon,2018,2021,2017,157,12.1,3.7,3.1,1.3,0.4,0.8,0.556,0.572,0.2,0.638,4.8,0.122
339,NBA,2,39,PHI,Jawun Evans\evansja01,20.336,G,us,Oklahoma State,2018,2019,2017,56,15.1,4.2,1.7,2,0.7,0.1,0.345,0.367,0.263,0.776,-0.4,-0.022
340,NBA,2,40,NOP,Dwayne Bacon\bacondw01,21.302,G,us,Florida State,2018,2021,2017,177,18.2,6.4,2.5,1,0.4,0.1,0.401,0.427,0.341,0.773,0.8,0.011
341,NBA,2,41,ATL,Tyler Dorsey\dorsety01,21.13,G,us,Oregon,2018,2019,2017,104,16.1,6.7,2.3,1.3,0.3,0.1,0.389,0.429,0.35,0.669,1,0.03
342,NBA,2,42,UTA,Thomas Bryant\bryanth01,19.331,C,us,Indiana,2018,2021,2017,143,20.9,10.7,6,1.4,0.4,0.9,0.6,0.665,0.362,0.748,10.5,0.168
343,NBA,2,43,HOU,Isaiah Hartenstein\harteis01,19.053,F,us,,2019,2021,2017,81,9.4,3.3,2.7,0.6,0.3,0.5,0.559,0.582,0.182,0.667,2.2,0.137
344,NBA,2,44,NYK,Damyean Dotson\dotsoda01,23.053,G,us,Oregon,2018,2021,2017,196,19.9,7.6,2.5,1.5,0.5,0.1,0.416,0.484,0.348,0.72,3.2,0.04
345,NBA,2,45,HOU,Dillon Brooks\brookdi01,21.157,F-G,ca,Oregon,2018,2021,2017,209,27.9,13.3,3,1.9,0.9,0.3,0.413,0.449,0.35,0.79,2.4,0.02
346,NBA,2,46,PHI,Sterling Brown\brownst02,22.138,G,us,SMU,2018,2021,2017,203,17.2,5.6,3.3,1.1,0.6,0.2,0.417,0.485,0.355,0.794,5.3,0.073
347,NBA,2,47,IND,Ike Anigbogu\anigbik01,18.253,F-C,us,UCLA,2018,2019,2017,14,2.6,0.9,0.9,0.1,0.1,0.3,0.333,0.333,,0.833,0,0.057
348,NBA,2,48,MIL,Sindarius Thornwell\thornsi01,22.225,G,us,South Carolina,2018,2021,2017,153,10.3,2.5,1.3,0.6,0.4,0.2,0.414,0.44,0.348,0.672,1,0.03
349,NBA,2,49,DEN,Vlatko Čančar\cancavl01,20.078,F,si,,2020,2021,2017,37,4.9,1.3,1,0.3,0.2,0.1,0.391,0.583,0.182,0.9,0.1,0.022
350,NBA,2,50,PHI,Mathias Lessort\lessoma01,21.272,F,mq,,,,2017,,,,,,,,,,,,,
351,NBA,2,51,DEN,Monte Morris\morrimo01,22.001,G,us,Iowa State,2018,2021,2017,194,23.8,9.8,2.1,3.5,0.8,0.2,0.477,0.521,0.387,0.809,12.4,0.129
352,NBA,2,52,NOP,Edmond Sumner\sumneed01,21.179,G,us,Xavier,2018,2021,2017,83,11.9,4.3,1.3,0.9,0.5,0.2,0.437,0.526,0.287,0.663,0.8,0.041
353,NBA,2,53,BOS,Kadeem Allen\allenka01,24.164,G,us,Arizona,2018,2020,2017,47,13.6,5.5,1.5,2.3,0.5,0.2,0.435,0.472,0.349,0.757,1,0.075
354,NBA,2,54,PHO,Alec Peters\peteral01,22.076,F,us,Valparaiso,2018,2018,2017,20,11.3,4.1,1.9,0.6,0.1,0.1,0.378,0.625,0.31,0.8,0.3,0.055
355,NBA,2,55,UTA,Nigel Williams-Goss\willini01,22.285,G,us,Gonzaga,2020,2020,2017,10,5,1.4,0.6,0.6,0.3,0.1,0.313,0.333,0.286,1,0,0.017
356,NBA,2,56,BOS,Jabari Bird\birdja01,22.36,G,us,California,2018,2018,2017,13,8.8,3,1.5,0.6,0.2,0.1,0.577,0.632,0.429,0.462,0.2,0.098
357,NBA,2,57,BRK,Aleksandar Vezenkov\vezenal01,21.326,F,cy,,,,2017,,,,,,,,,,,,,
358,NBA,2,58,NYK,Ognjen Jaramaz\jaramog01,21.3,G,yu,,,,2017,,,,,,,,,,,,,
359,NBA,2,59,SAS,Jaron Blossomgame\blossja01,23.285,F,us,Clemson,2019,2019,2017,27,16.3,4.2,3.6,0.5,0.3,0.3,0.443,0.552,0.256,0.769,0.3,0.03
360,NBA,2,60,ATL,Alpha Kaba\kabaal01,21.15,F,fr,,,,2017,,,,,,,,,,,,,
361,NBA,2,31,PHO,Élie Okobo\okoboel01,20.246,G,fr,,2019,2020,2018,108,15.5,4.8,1.7,2.2,0.5,0.1,0.395,0.455,0.315,0.737,0.5,0.014
362,NBA,2,32,MEM,Jevon Carter\carteje01,22.286,G,us,West Virginia,2019,2021,2018,130,14.2,4.2,1.7,1.5,0.7,0.3,0.368,0.357,0.375,0.836,2.4,0.063
363,NBA,2,33,DAL,Jalen Brunson\brunsja01,21.299,G,us,Villanova,2019,2021,2018,167,21,9.6,2.6,3.2,0.5,0,0.482,0.539,0.367,0.78,7.3,0.099
364,NBA,2,34,ATL,Devonte' Graham\grahade01,23.125,G,us,Kansas,2019,2021,2018,140,27.3,12.7,2.6,5.4,0.8,0.1,0.372,0.393,0.358,0.806,5.3,0.067
365,NBA,2,35,ORL,Melvin Frazier\frazime01,21.3,G,us,Tulane,2019,2020,2018,29,5.9,1.9,0.5,0.1,0.3,0.1,0.4,0.424,0.364,0.375,0,0.008
366,NBA,2,36,NYK,Mitchell Robinson\robinmi01,20.086,C,us,,2019,2021,2018,155,23,8.4,7,0.6,0.9,2.1,0.706,0.706,,0.565,15.9,0.214
367,NBA,2,37,SAC,Gary Trent\trentga02,19.159,G,us,Duke,2019,2021,2018,116,23.1,10.2,1.7,1.1,0.7,0.2,0.423,0.456,0.399,0.768,3.5,0.063
368,NBA,2,38,PHI,Khyri Thomas\thomakh01,22.049,G,us,Creighton,2019,2020,2018,34,7.5,2.3,0.6,0.3,0.3,0.1,0.314,0.324,0.306,0.6,0,-0.005
369,NBA,2,39,PHI,Isaac Bonga\bongais01,18.23,G,de,,2019,2021,2018,114,14.8,3.6,2.6,0.9,0.5,0.3,0.446,0.514,0.319,0.779,1.7,0.048
370,NBA,2,40,BRK,Rodions Kurucs\kurucro01,20.141,F,lv,,2019,2021,2018,126,16.4,6.1,3.2,0.9,0.6,0.3,0.442,0.538,0.323,0.735,2.2,0.05
371,NBA,2,41,ORL,Jarred Vanderbilt\vandeja01,19.084,F,us,Kentucky,2019,2021,2018,68,12.5,3.9,3.8,0.9,0.7,0.5,0.597,0.605,0.25,0.595,1.9,0.106
372,NBA,2,42,DET,Bruce Brown\brownbr01,21.315,G,us,Miami (FL),2019,2021,2018,171,22.7,6.8,3.7,2.2,0.8,0.4,0.457,0.503,0.295,0.736,5.8,0.072
373,NBA,2,43,DEN,Justin Jackson\jacksju02,21.128,F,ca,Maryland,,,2018,,,,,,,,,,,,,
374,NBA,2,44,WAS,Issuf Sanon\sanonis01,18.239,G,ua,,,,2018,,,,,,,,,,,,,
375,NBA,2,45,BRK,Hamidou Diallo\diallha01,19.33,G,us,Kentucky,2019,2021,2018,129,16.9,6.9,3.3,1,0.7,0.2,0.462,0.5,0.262,0.618,2.4,0.053
376,NBA,2,46,HOU,De'Anthony Melton\meltode01,20.029,G,us,USC,2019,2021,2018,137,19.7,7.1,3.3,3,1.3,0.4,0.415,0.471,0.326,0.766,3.4,0.06
377,NBA,2,47,LAL,Sviatoslav Mykhailiuk\mykhasv01,21.016,G-F,ua,Kansas,2019,2021,2018,136,17.5,6.6,1.6,1.5,0.6,0.1,0.387,0.43,0.369,0.775,1.8,0.036
378,NBA,2,48,MIN,Keita Bates-Diop\bateske01,22.155,F,us,Ohio State,2019,2021,2018,90,15.2,5.3,2.6,0.6,0.5,0.4,0.419,0.5,0.306,0.699,1.7,0.061
379,NBA,2,49,SAS,Chimezie Metu\metuch01,21.096,F,us,USC,2019,2021,2018,58,5.5,2.5,1.6,0.5,0.2,0.2,0.446,0.463,0.143,0.744,0.1,0.017
380,NBA,2,50,IND,Alize Johnson\johnsal02,22.065,F,us,Missouri State,2019,2020,2018,31,5.9,1.5,2.2,0.3,0.1,0.2,0.356,0.343,0.4,0.611,0.3,0.081
381,NBA,2,51,NOP,Tony Carr\carrto01,20.258,G,us,Penn State,,,2018,,,,,,,,,,,,,
382,NBA,2,52,UTA,Vince Edwards\edwarvi01,22.082,F,us,Purdue,2019,2019,2018,2,8,1.5,1,0,0,0,0.25,,0.25,,0,-0.014
383,NBA,2,53,OKC,Devon Hall\hallde01,22.355,G,us,Virginia,2020,2020,2018,11,7.4,1.8,0.6,1.2,0.4,0.1,0.2,0.154,0.235,0.5,-0.2,-0.116
384,NBA,2,54,DAL,Shake Milton\miltosh01,21.273,G,us,SMU,2019,2021,2018,95,20.5,10,2.1,2.4,0.5,0.3,0.455,0.512,0.365,0.837,4.2,0.104
385,NBA,2,55,CHO,Arnoldas Kulboka\kulboar01,20.173,F,lt,,,,2018,,,,,,,,,,,,,
386,NBA,2,56,PHI,Ray Spalding\spaldra01,21.107,F,us,Louisville,2019,2021,2018,16,10.4,3.6,3.3,0.3,0.6,0.6,0.529,0.574,0,0.286,0.1,0.026
387,NBA,2,57,OKC,Kevin Hervey\herveke01,21.352,F,us,UT Arlington,2020,2020,2018,10,5.2,1.7,1.2,0.5,0.1,0.1,0.259,0.571,0.15,,-0.1,-0.085
388,NBA,2,58,DEN,Thomas Welsh\welshth01,22.144,C,us,UCLA,2019,2019,2018,11,3.3,1.6,0.4,0.5,0,0,0.538,0.667,0.429,0.5,0.1,0.162
389,NBA,2,59,PHO,George King\kingge03,24.163,G-F,us,Colorado,2019,2019,2018,1,6,0,1,0,0,0,,,,,0,-0.001
390,NBA,2,60,PHI,Kostas Antetokounmpo\antetko01,20.218,F,gr,Dayton,2019,2021,2018,11,4.7,1.2,1.2,0.2,0.3,0.2,0.444,0.444,,0.5,0,-0.044
391,NBA,2,31,BRK,Nicolas Claxton\claxtni01,20.069,F,us,Georgia,2020,2021,2019,26,14.8,6.5,3.3,1,0.4,1,0.609,0.651,0.111,0.563,1.2,0.154
392,NBA,2,32,PHO,KZ Okpala\okpalkz01,20.058,F,us,Stanford,2020,2021,2019,30,11.6,2.5,1.8,0.4,0.3,0.3,0.423,0.576,0.289,0.375,0.2,0.034
393,NBA,2,33,PHI,Carsen Edwards\edwarca01,21.105,G,us,Purdue,2020,2021,2019,53,9.7,3.8,1.2,0.6,0.3,0.1,0.376,0.459,0.313,0.714,0.5,0.044
394,NBA,2,34,PHI,Bruno Fernando\fernabr01,20.314,F,ao,Maryland,2020,2021,2019,77,11.4,3.5,3.4,0.8,0.3,0.3,0.504,0.583,0.128,0.576,0.8,0.043
395,NBA,2,35,ATL,Marcos Louzada Silva\louzama01,20.138,G,br,,,,2019,,,,,,,,,,,,,
396,NBA,2,36,CHO,Cody Martin\martico01,23.271,G-F,us,Nevada,2020,2021,2019,77,16.4,4.5,3,1.7,0.7,0.2,0.457,0.58,0.238,0.659,1.7,0.065
397,NBA,2,37,DAL,Deividas Sirvydis\sirvyde01,19.014,G-F,lt,,2021,2021,2019,7,1.7,0.1,0.3,0.1,0.1,0,0,,0,0.5,-0.1,-0.227
398,NBA,2,38,CHI,Daniel Gafford\gaffoda01,20.267,F,us,Arkansas,2020,2021,2019,72,13.6,5,2.8,0.5,0.3,1.3,0.696,0.696,,0.586,3.2,0.159
399,NBA,2,39,NOP,Alen Smailagić\smailal01,18.31,F,rs,,2020,2021,2019,17,8.9,3.8,1.6,0.8,0.2,0.2,0.468,0.6,0.235,0.762,0.2,0.052
400,NBA,2,40,SAC,Justin James\jamesju01,22.152,G,us,Wyoming,2020,2021,2019,55,6.4,2.4,0.8,0.5,0.2,0.2,0.429,0.487,0.317,0.455,0.1,0.019
401,NBA,2,41,GSW,Eric Paschall\pascher01,22.233,F,us,Villanova,2020,2021,2019,97,23.7,12.3,4,1.8,0.4,0.2,0.496,0.544,0.292,0.758,2.9,0.061
402,NBA,2,42,PHI,Admiral Schofield\schofad01,22.087,G-F,gb,Tennessee,2020,2020,2019,33,11.2,3,1.4,0.5,0.2,0.1,0.38,0.516,0.311,0.667,0.1,0.017
403,NBA,2,43,MIN,Jaylen Nowell\nowelja01,19.351,G,us,Washington,2020,2021,2019,43,15.6,8.1,1.8,1.3,0.4,0.2,0.444,0.535,0.336,0.86,1.1,0.075
404,NBA,2,44,MIA,Bol Bol\bolbo01,19.221,F-C,sd,Oregon,2020,2021,2019,25,7.2,3,1.3,0.4,0.2,0.5,0.491,0.5,0.478,0.75,0.2,0.04
405,NBA,2,45,DET,Isaiah Roby\robyis01,21.142,F,us,Nebraska,2020,2021,2019,39,21,8.3,5.2,1.6,0.7,0.6,0.528,0.594,0.333,0.747,1.8,0.104
406,NBA,2,46,ORL,Talen Horton-Tucker\hortota01,18.211,G-F,us,Iowa State,2020,2021,2019,45,17.7,7.8,2.5,2.1,0.8,0.5,0.451,0.527,0.256,0.825,1.4,0.083
407,NBA,2,47,SAC,Ignas Brazdeikis\brazdig01,20.168,F,lt,Michigan,2020,2021,2019,13,4.6,1.5,0.5,0.4,0,0.1,0.261,0.357,0.111,0.857,-0.1,-0.092
408,NBA,2,48,LAC,Terance Mann\mannte01,22.25,G-F,us,Florida State,2020,2021,2019,81,12.4,3.7,2.3,1.2,0.3,0.2,0.48,0.524,0.361,0.753,2.3,0.11
409,NBA,2,49,SAS,Quinndary Weatherspoon\weathqu01,22.288,G,us,Mississippi State,2020,2021,2019,19,6.2,0.9,0.5,0.8,0.4,0.1,0.292,0.333,0.167,0.75,-0.2,-0.099
410,NBA,2,50,IND,Jarrell Brantley\brantja01,23.018,F,us,College of Charleston,2020,2021,2019,20,6.3,1.8,1.4,0.6,0.2,0.3,0.368,0.444,0.3,0.5,0,0.018
411,NBA,2,51,BOS,Tremont Waters\watertr01,21.166,G,us,LSU,2020,2021,2019,21,10.3,3.5,1,2.2,0.8,0.1,0.3,0.341,0.256,0.938,-0.2,-0.047
412,NBA,2,52,CHO,Jalen McDaniels\mcdanja01,21.145,F,us,San Diego State,2020,2021,2019,36,14.5,4.9,3.1,0.6,0.3,0.2,0.458,0.527,0.333,0.763,0.4,0.041
413,NBA,2,53,UTA,Justin Wright-Foreman\wrighju02,21.241,G,us,Hofstra,2020,2020,2019,4,11.3,4.8,1.3,1.8,0.5,0,0.35,0.5,0.2,0.75,0,-0.008
414,NBA,2,54,PHI,Marial Shayok\shayoma01,23.335,G,ca,Iowa State,2020,2020,2019,4,7,2.8,1.8,0.3,0,0.3,0.25,0.167,0.333,0.75,-0.1,-0.13
415,NBA,2,55,NYK,Kyle Guy\guyky01,21.318,G,us,Virginia,2020,2021,2019,20,6.5,2.3,0.8,0.8,0.2,0,0.32,0.455,0.214,0.875,0,-0.017
416,NBA,2,56,LAC,Jaylen Hands\handsja01,20.133,G,us,UCLA,,,2019,,,,,,,,,,,,,
417,NBA,2,57,NOP,Jordan Bone\bonejo01,21.232,G,us,Tennessee,2020,2021,2019,24,10.4,2.8,1.2,1.1,0.1,0,0.378,0.5,0.286,,0.1,0.019
418,NBA,2,58,GSW,Miye Oni\onimi01,21.325,G,us,Yale,2020,2021,2019,38,8.7,2.3,1.7,0.3,0.2,0.2,0.378,0.35,0.389,0.818,0.6,0.082
419,NBA,2,59,TOR,Dewan Hernandez\hernade01,22.198,F,us,Miami (FL),2020,2020,2019,6,4.7,2.3,2.3,0.5,0.2,0,0.357,0.333,0.5,0.6,0,0.043
420,NBA,2,60,SAC,Vanja Marinković\marinva01,22.167,G,rs,,,,2019,,,,,,,,,,,,,